x,y,soil_som_predicted,soil_clay_predicted,soil_ph_predicted
300917.5,4602112.5,0.5000005652729853,5.0,7.037075051708118
302197.5,4601852.5,0.5000001371982067,5.0,7.13390538737794
302272.5,4602462.5,0.5000027982730577,5.0,6.976492058574614
301872.5,4601297.5,0.5000017704920469,5.0,7.188896428174478
301807.5,4600772.5,0.5000001344101259,5.0,7.0517874370710665
301517.5,4601007.5,0.5000013777588267,5.0,6.916334340188635
300632.5,4601382.5,0.5000027818569742,5.0,6.989332493260464
300267.5,4600852.5,0.5000002447195828,5.0,6.944178864734147
301397.5,4601942.5,0.5000005580714867,5.0,7.100051757252327
302452.5,4601082.5,0.5000067726209919,5.0,7.022198080311633
301142.5,4600732.5,0.5000012667756382,5.0,6.922633117551647
300247.5,4602277.5,0.5000027868840932,5.0,6.869460657760465
302157.5,4601727.5,0.5000019628296074,5.0,7.130212993155512
302497.5,4601387.5,0.4999986697713492,5.0,6.987081017464554
301322.5,4600212.5,0.5000061461641407,5.0,6.931365843391073
300877.5,4602202.5,0.49999743920216017,5.0,7.077980238639349
301132.5,4602132.5,0.500000255564026,5.0,6.958444559359569
302297.5,4601742.5,0.5000006529832542,5.0,7.0559207162112045
302327.5,4600027.5,0.5000016743388926,5.0,7.0051857853299895
301782.5,4601212.5,0.49999955325735806,5.0,7.04042549768819
300122.5,4602152.5,0.5000008022078788,5.0,6.935002302297628
302257.5,4601352.5,0.5000110573099498,5.0,6.944215652552673
300392.5,4601487.5,0.4999989756780229,5.0,6.981024793980829
301532.5,4600407.5,0.5000019059160942,5.0,6.960620222422188
300957.5,4601262.5,0.5000003607893518,5.0,6.864986612653903
302247.5,4601297.5,0.4999960635824834,5.0,7.040160672615601
300277.5,4601517.5,0.5000006045608539,5.0,6.996744565177609
302022.5,4600512.5,0.5000021454768843,5.0,7.130298649998628
301842.5,4601367.5,0.49999916964339025,5.0,7.232490828113506
300007.5,4602342.5,0.5000001609758111,5.0,6.95966741744775
300897.5,4600697.5,0.5000011958624099,5.0,6.897286377141478
300067.5,4601387.5,0.4999991094295852,5.0,6.865158768619022
301022.5,4600412.5,0.500000731181804,5.0,6.916214823165062
300522.5,4601117.5,0.5000002127622004,5.0,7.103296639871014
302382.5,4600947.5,0.5000001522016521,5.0,7.124441982185226
301137.5,4601892.5,0.5000005909850432,5.0,6.986966044767387
302147.5,4600747.5,0.5000030801491728,5.0,6.974850304236754
302457.5,4602252.5,0.4999973974853003,5.0,7.054031573331903
300807.5,4601282.5,0.5000014558941364,5.0,6.989546283411574
301987.5,4602072.5,0.5000009455412426,5.0,7.134521025359925
301037.5,4601842.5,0.4999999305350386,5.0,6.9495752638199875
300647.5,4602252.5,0.4999991271384023,5.0,6.971472368251676
302447.5,4602117.5,0.49999991050590165,5.0,7.151762353552314
301002.5,4602062.5,0.5000006186022369,5.0,7.0021837703974015
300637.5,4601682.5,0.4999996730810653,5.0,7.068191473370092
301482.5,4601467.5,0.5000034160218481,5.0,6.937583943592405
301457.5,4601297.5,0.5000030183680256,5.0,7.009113978132437
300622.5,4602437.5,0.5000092017776232,5.0,6.897984670442318
301417.5,4600447.5,0.5000045693861441,5.0,6.8155477618588804
302192.5,4602357.5,0.5000016984112959,5.0,7.0296960394406005
301292.5,4601372.5,0.500000654083652,5.0,7.002378226083221
300187.5,4600947.5,0.5000016715109523,5.0,6.949071809503554
300567.5,4600862.5,0.49999878012614396,5.0,6.9913768339223665
300442.5,4600817.5,0.5000016723323546,5.0,7.0129724596943035
300427.5,4601607.5,0.5000006977701587,5.0,6.935947017886327
301102.5,4600717.5,0.5000038276659936,5.0,7.1578448700235695
300612.5,4602052.5,0.4999982536078737,5.0,6.983664562448501
300092.5,4600682.5,0.5000067733627002,5.0,6.810157835389386
300912.5,4601397.5,0.5000008353836216,5.0,7.0048371699933725
300052.5,4600137.5,0.4999966259942252,5.0,6.907389580248242
300417.5,4601447.5,0.4999991423767607,5.0,6.994020835301427
301152.5,4602347.5,0.49999619751980634,5.0,7.041101695017404
300947.5,4602487.5,0.49999571162074186,5.0,6.963373482264
302167.5,4600947.5,0.500000357087152,5.0,7.117061075412093
301022.5,4601422.5,0.49999758873038014,5.0,7.04620858531736
300237.5,4601387.5,0.4999987833484938,5.0,6.852629149779253
300337.5,4601817.5,0.4999990757891983,5.0,7.042591295085028
302367.5,4601497.5,0.5000005302887811,5.0,7.053449733703898
300097.5,4600977.5,0.49999803490347067,5.0,6.889917313991922
301587.5,4600502.5,0.5000000141575183,5.0,7.120448795714557
300142.5,4601812.5,0.4999973391084491,5.0,6.992643769809073
302437.5,4601252.5,0.5000007972450429,5.0,7.190652978670574
301407.5,4602297.5,0.4999957158636597,5.0,7.008348480686705
301747.5,4600892.5,0.5000021011854905,5.0,7.04285020425598
302027.5,4601242.5,0.5000012271351157,5.0,7.078238495983069
300422.5,4601567.5,0.5000005177791627,5.0,6.999705218515159
300852.5,4602372.5,0.4999996005631423,5.0,7.014086069618649
300812.5,4600162.5,0.49999911271707154,5.0,7.005057087674044
301272.5,4601787.5,0.500000010737537,5.0,6.930938784828269
302272.5,4602372.5,0.5000008526184583,5.0,7.145178464001424
301612.5,4601482.5,0.500001009172694,5.0,7.0555007105258
301642.5,4601542.5,0.5000017545412342,5.0,7.081761245811709
301237.5,4601147.5,0.5000013241279969,5.0,7.049047150551857
302047.5,4602232.5,0.4999981386883031,5.0,7.174509486140571
300882.5,4601287.5,0.5000001566265965,5.0,6.969636699615723
300782.5,4601777.5,0.499997332872671,5.0,7.05047555293886
300607.5,4602292.5,0.49999859750301245,5.0,7.05031040484553
300227.5,4601697.5,0.5000043416417628,5.0,6.885346706340013
301377.5,4601687.5,0.500001563203273,5.0,7.0955963576838395
300467.5,4600882.5,0.5000038386663572,5.0,6.974968774915573
301227.5,4600557.5,0.5000049103611175,5.0,6.856077960642985
302287.5,4600822.5,0.5000009522726697,5.0,7.163464399938318
300122.5,4601922.5,0.4999999966840457,5.0,7.016329903457968
300592.5,4600397.5,0.49999747931650435,5.0,7.01753196290245
301107.5,4601692.5,0.5000006260265962,5.0,7.018302969117829
301102.5,4600937.5,0.5000024536906665,5.0,6.965152460978098
300577.5,4600197.5,0.5000017229671219,5.0,7.0780322574864165
302082.5,4601352.5,0.4999980924697189,5.0,7.116426045808379
300962.5,4602142.5,0.49999639018691283,5.0,6.913667178233819
301187.5,4601102.5,0.4999990946629399,5.0,7.019718062704714
301702.5,4600282.5,0.5000023415233947,5.0,7.035241241537845
300412.5,4601802.5,0.500006215967712,5.0,6.9618854258989415
302117.5,4602172.5,0.5000016450049439,5.0,6.913754649763699
301232.5,4600192.5,0.49999508102318313,5.0,7.114697466214635
301307.5,4600512.5,0.5000011442335554,5.0,7.026821289667029
300827.5,4600802.5,0.49999969483736123,5.0,7.007834849547631
300597.5,4600202.5,0.5000071495274717,5.0,6.82118239655358
301792.5,4602362.5,0.5000011707851242,5.0,6.971211354062926
300467.5,4601867.5,0.5000004805365013,5.0,7.006025567201926
301827.5,4600737.5,0.5000009336585334,5.0,7.076026116116793
300342.5,4601622.5,0.5000021859351138,5.0,6.896543388403713
300192.5,4601242.5,0.499999932151869,5.0,7.035077139510875
301417.5,4600112.5,0.5000012864106013,5.0,7.022489622690288
300252.5,4602042.5,0.4999996104120163,5.0,6.9366238113272845
301807.5,4600522.5,0.5000024296137626,5.0,7.193790588290555
301797.5,4600482.5,0.5000040567098631,5.0,7.111302140100146
300547.5,4600232.5,0.5000046598395723,5.0,6.962888923609662
301062.5,4602052.5,0.4999971129626002,5.0,7.093720854162159
301937.5,4601722.5,0.5000018293522952,5.0,6.987842834963906
301422.5,4601387.5,0.5000042375011328,5.0,7.0175585564103775
300722.5,4600157.5,0.5000013041665611,5.0,6.931786911708816
301812.5,4600422.5,0.5000020564953042,5.0,7.0772783322369754
300792.5,4602427.5,0.5000032040294421,5.0,6.897757425089332
300202.5,4602052.5,0.4999961836403199,5.0,6.944580558417067
301662.5,4601562.5,0.4999990398104319,5.0,6.984638062618188
301837.5,4601507.5,0.5000002611721499,5.0,7.024273276934101
300782.5,4602347.5,0.50000079586685,5.0,6.960863633475156
300092.5,4602257.5,0.49999517992704834,5.0,6.977014796055015
301157.5,4601992.5,0.4999977525969222,5.0,7.03958861142931
301072.5,4600547.5,0.4999979987934307,5.0,6.907408510508076
300462.5,4600782.5,0.49999995858316315,5.0,6.998311393770251
301272.5,4602137.5,0.4999967336050322,5.0,7.091493818138177
300402.5,4601322.5,0.5000002289644989,5.0,6.971893836657093
300492.5,4601367.5,0.5000035342593833,5.0,6.935535673808449
302307.5,4602042.5,0.5000040521859882,5.0,7.027754622996224
300997.5,4600112.5,0.5000044452515077,5.0,6.974040281735592
302337.5,4600992.5,0.5000011512825148,5.0,7.035990884664765
300962.5,4601122.5,0.500004555975047,5.0,6.912423744568967
300307.5,4601392.5,0.5000012120275917,5.0,7.026927020251506
301767.5,4601832.5,0.4999999673066705,5.0,7.03035638804874
302357.5,4602112.5,0.5000004851504489,5.0,7.053790343068066
300847.5,4601072.5,0.5000037006167894,5.0,7.114086946156555
301197.5,4601647.5,0.5000004943646792,5.0,6.937590944153642
300067.5,4601132.5,0.49999798968358283,5.0,6.9606113808055445
301612.5,4600702.5,0.5000025849281702,5.0,7.065449820324873
300442.5,4602202.5,0.4999990879552688,5.0,6.9894750368957785
300177.5,4600217.5,0.50000482828066,5.0,6.899350733242327
301082.5,4602137.5,0.499998893309101,5.0,6.901441583537619
300602.5,4600627.5,0.5000019213226562,5.0,6.886239498510651
301417.5,4602127.5,0.5000016858149813,5.0,7.037219196530119
301362.5,4602347.5,0.49999881405058966,5.0,7.018062198949637
301252.5,4601637.5,0.5000002193375515,5.0,7.1184561568922105
301697.5,4602047.5,0.500001288494624,5.0,7.080127026647225
300717.5,4600132.5,0.5000004238911939,5.0,6.984097930454149
300307.5,4600062.5,0.5000012022844177,5.0,6.9904261729661235
302477.5,4600347.5,0.5000023054517033,5.0,7.026266229641715
300752.5,4600127.5,0.5000001558464464,5.0,7.002736117457879
300922.5,4600947.5,0.4999970480982556,5.0,6.922085034989676
301242.5,4600627.5,0.500002782487228,5.0,7.042561105079322
302142.5,4600922.5,0.49999913873398566,5.0,7.038150083917288
302177.5,4601152.5,0.4999983851815873,5.0,7.081156366582837
300852.5,4601877.5,0.5000052140846303,5.0,6.922284001945357
300907.5,4601947.5,0.4999987764623049,5.0,6.870541773584797
300587.5,4602497.5,0.4999996295069811,5.0,6.8846134050126775
300232.5,4602382.5,0.500002375770704,5.0,6.879264175818201
300167.5,4600477.5,0.5000047401244525,5.0,6.935493138263023
302072.5,4601227.5,0.4999996359080015,5.0,7.1116639630651175
300687.5,4601937.5,0.49999795864827,5.0,6.926467661468188
300312.5,4601417.5,0.5000020146223075,5.0,7.081060992845076
301537.5,4601232.5,0.4999978224543414,5.0,6.938274571904262
302007.5,4600342.5,0.49999918300481533,5.0,7.110069453140457
300612.5,4601767.5,0.5000038443911781,5.0,6.927479199500209
300492.5,4600522.5,0.5000022919609283,5.0,6.93462992689132
300787.5,4602197.5,0.500001198098659,5.0,7.033085471819585
300992.5,4601162.5,0.50000332368786,5.0,6.884900657661676
301442.5,4602017.5,0.4999970824158367,5.0,7.0893024831874385
300492.5,4601702.5,0.5000024544958547,5.0,6.917667948258877
300307.5,4600542.5,0.49999690385489154,5.0,6.948931545287801
301517.5,4600492.5,0.50000386713655,5.0,6.95417827246561
301187.5,4600522.5,0.5000010237273134,5.0,6.930684300558635
301062.5,4600687.5,0.5000021174139436,5.0,6.937734921380508
301042.5,4602207.5,0.4999999156482735,5.0,7.040287782997507
301452.5,4602152.5,0.5000023820842165,5.0,7.054481996299849
301817.5,4601252.5,0.5000000436290121,5.0,7.128202214510371
302407.5,4600117.5,0.5000051549595109,5.0,7.031678490674724
301077.5,4602492.5,0.5000045124537175,5.0,7.016583860065592
302162.5,4600597.5,0.5000014063037517,5.0,7.090066756837751
301667.5,4601452.5,0.49999773797740277,5.0,7.122422799602115
301097.5,4600142.5,0.5000028356645896,5.0,7.067261402333101
301262.5,4600927.5,0.5000008612274519,5.0,6.976327159276712
300817.5,4601372.5,0.5000016983988935,5.0,6.98999899225969
301492.5,4601432.5,0.49999896243235165,5.0,7.009461377817454
300317.5,4602312.5,0.4999997935255346,5.0,6.891988230709876
302462.5,4601992.5,0.5000029442308145,5.0,7.033438802030961
302082.5,4600587.5,0.5000034614502935,5.0,7.005156114135351
300642.5,4600807.5,0.5000014714357285,5.0,7.030037305582476
300972.5,4602362.5,0.5000003659281507,5.0,6.914516047600259
301892.5,4601242.5,0.5000010020217198,5.0,7.0991493283391875
302497.5,4600527.5,0.4999992635558107,5.0,7.070767936823664
302107.5,4600077.5,0.500002011608024,5.0,7.047338666021851
301502.5,4600767.5,0.5000044813849487,5.0,7.10304943315219
301742.5,4601222.5,0.5000106766249903,5.0,7.034651666784546
300262.5,4601572.5,0.5000018063570298,5.0,6.898574456569891
300582.5,4602032.5,0.49999561999816455,5.0,7.003504119281571
300242.5,4600212.5,0.49999661452160116,5.0,6.9756903137332955
300772.5,4600527.5,0.5000013932339228,5.0,6.979330606426468
300247.5,4601902.5,0.49999973262458325,5.0,6.96204223890872
301712.5,4601697.5,0.4999988257730128,5.0,7.04405903647283
302127.5,4601797.5,0.49999847035378464,5.0,6.993340584976411
300232.5,4601772.5,0.4999963920143249,5.0,6.906178235192778
300012.5,4601497.5,0.5000014397725082,5.0,6.890642818601072
302437.5,4601787.5,0.5000047596782394,5.0,7.079767155616376
300647.5,4601202.5,0.5000016651874315,5.0,6.942602479721037
300902.5,4602472.5,0.5000027807652234,5.0,6.965357454007364
301472.5,4602152.5,0.49999577281330815,5.0,7.004728466527189
301782.5,4600692.5,0.4999977223131376,5.0,6.983419964138966
301247.5,4602177.5,0.4999997697671264,5.0,7.065116247672982
300932.5,4601612.5,0.5000023058276072,5.0,6.972691371110254
300852.5,4602187.5,0.5000018155083223,5.0,7.0290000653452465
301002.5,4602332.5,0.5000055820939264,5.0,6.961038328772381
301657.5,4601817.5,0.5000043485372251,5.0,7.066512034699822
301527.5,4600822.5,0.5000038593954382,5.0,6.974092702056751
300022.5,4601797.5,0.5000060189064515,5.0,6.867616016967722
300342.5,4601987.5,0.5000010740231117,5.0,6.856898865737604
302267.5,4602302.5,0.49999987576089305,5.0,7.06559586955445
300977.5,4600932.5,0.4999997152448826,5.0,6.929024829434082
300907.5,4601962.5,0.5000003471314652,5.0,6.986978807885508
301697.5,4600202.5,0.5000014245798741,5.0,7.03180138666575
302257.5,4600237.5,0.5000015734759974,5.0,6.946063125272374
300532.5,4600282.5,0.5000006964842123,5.0,6.97106245986632
301447.5,4601157.5,0.5000009337143808,5.0,7.070470800436641
301257.5,4601487.5,0.5000035695386085,5.0,7.10724580121017
301132.5,4600242.5,0.4999998964483797,5.0,7.106192857258454
301292.5,4601927.5,0.4999990614794093,5.0,6.942771906074711
302227.5,4601587.5,0.4999996588943657,5.0,7.175745610434653
302297.5,4600722.5,0.5000023947531705,5.0,7.204608791342729
301062.5,4601277.5,0.5000003467476302,5.0,7.040521266587085
300757.5,4602357.5,0.5000061476735617,5.0,6.899782171156065
301107.5,4601102.5,0.5000028796386733,5.0,7.036283506616377
300462.5,4600917.5,0.5000009436514439,5.0,6.908437089470535
302347.5,4601107.5,0.5000003886973478,5.0,7.131641474683245
300717.5,4602162.5,0.49999901757186604,5.0,6.972982537429089
300302.5,4601037.5,0.49999938932630905,5.0,6.892274616470862
301107.5,4601417.5,0.5000100119581582,5.0,6.859926721257626
302447.5,4602407.5,0.49999775394294466,5.0,7.086296940469398
302307.5,4602007.5,0.49999962021278177,5.0,6.957443682014849
301632.5,4600137.5,0.5000044182990782,5.0,7.137885938103673
302497.5,4600367.5,0.49999922770848465,5.0,7.191796595612619
302167.5,4601562.5,0.5000068077742859,5.0,6.9946063335136115
301352.5,4600067.5,0.5000021035545342,5.0,6.961137868095373
300202.5,4601077.5,0.5000008302541494,5.0,6.94704454886999
300402.5,4601227.5,0.5000012555688731,5.0,6.889275674563154
300042.5,4601867.5,0.4999965637507654,5.0,6.897656214640147
300527.5,4601517.5,0.5000013412976747,5.0,6.932563331021347
300237.5,4600417.5,0.5000032071939866,5.0,6.922962099569218
302107.5,4602417.5,0.5000042292030461,5.0,7.042207927953842
300572.5,4600977.5,0.5000014056517598,5.0,6.930905444748748
302067.5,4601697.5,0.4999984870985552,5.0,7.100754799844865
300332.5,4602277.5,0.5000007961824214,5.0,6.932600300382914
302097.5,4602317.5,0.49999873932715033,5.0,7.019738039910684
301442.5,4601167.5,0.4999968509680729,5.0,7.1403186347220995
301762.5,4601757.5,0.4999982049975614,5.0,7.141809042384395
301372.5,4602202.5,0.500000731668218,5.0,6.92625271547747
300532.5,4601197.5,0.500003409769703,5.0,6.84387388573376
301532.5,4600757.5,0.5000000406957079,5.0,7.00156126306575
302297.5,4600682.5,0.5000007543580799,5.0,6.874119811264342
301697.5,4602412.5,0.5000012696684903,5.0,7.084208955297768
300982.5,4600617.5,0.499996598588634,5.0,7.046235064561443
301982.5,4600702.5,0.5000035870464224,5.0,6.921762876658592
302007.5,4600332.5,0.49999967909673193,5.0,7.143630687181625
302177.5,4600797.5,0.4999987334384344,5.0,7.132269929626047
302232.5,4601187.5,0.5000009925746536,5.0,7.156955758195545
302277.5,4601407.5,0.5000050309850056,5.0,7.084480999898029
301072.5,4600282.5,0.5000004596821804,5.0,6.9823034780355595
301947.5,4602182.5,0.5000021690783927,5.0,7.010514800399625
301087.5,4600102.5,0.5000033420083796,5.0,6.956920883735151
301912.5,4600332.5,0.5000030781064086,5.0,7.158116563413257
300502.5,4602277.5,0.4999963366708275,5.0,6.974093463523497
302122.5,4601322.5,0.5000010144569802,5.0,7.121835653283174
302187.5,4601592.5,0.5000016884391953,5.0,6.912970075331808
302417.5,4600517.5,0.5000024772252507,5.0,6.996783814882036
302137.5,4602057.5,0.4999994740038838,5.0,7.038885291172186
302277.5,4602362.5,0.5000007492541895,5.0,7.006512640753235
302362.5,4602017.5,0.5000017614133668,5.0,7.024887057486256
300032.5,4602337.5,0.4999980177148088,5.0,6.879903291862968
300512.5,4600822.5,0.5000011321594454,5.0,7.011323977270534
301767.5,4601452.5,0.49999812632765445,5.0,7.053935758468549
300547.5,4601812.5,0.4999954721428854,5.0,7.035340322897334
300262.5,4602417.5,0.49999859429571464,5.0,6.944507760549662
301747.5,4601782.5,0.5000052849549765,5.0,6.952058497091086
300752.5,4601962.5,0.4999986383444456,5.0,6.973536591621159
300562.5,4600077.5,0.49999549521964404,5.0,6.914973899908158
302337.5,4600997.5,0.49999762595593,5.0,7.241137324814567
302302.5,4602397.5,0.5000015785676558,5.0,6.972435770040778
302367.5,4601002.5,0.5000003394731494,5.0,7.11544746861343
302087.5,4600577.5,0.5000001596615048,5.0,7.017122326746395
302067.5,4600732.5,0.4999983232036427,5.0,7.114640136720808
301607.5,4600847.5,0.5000044173740853,5.0,7.021039689910505
301372.5,4602437.5,0.5000055309436662,5.0,6.858023171548879
301587.5,4602447.5,0.49999812285231354,5.0,6.9640278947462155
300367.5,4601902.5,0.49999897419783945,5.0,6.893115866728231
300472.5,4601662.5,0.4999984592286385,5.0,6.99845299947129
300167.5,4602352.5,0.5000037274628621,5.0,6.930202652913187
302407.5,4601352.5,0.49999758984386816,5.0,7.0446409897370605
301532.5,4600137.5,0.5000014388171397,5.0,7.005371881007637
301682.5,4602327.5,0.5000021939025525,5.0,7.215174977150079
301512.5,4600922.5,0.5000016702174767,5.0,7.135944289820712
300007.5,4600692.5,0.5000049019987021,5.0,6.917091560232704
300097.5,4602352.5,0.4999989568245529,5.0,6.9924159327419915
300037.5,4601882.5,0.4999979952682326,5.0,6.930139925452298
301182.5,4601927.5,0.49999622213726047,5.0,6.929012991040578
301172.5,4600342.5,0.5000006897664522,5.0,6.980615877929848
300372.5,4601092.5,0.4999999304768192,5.0,6.881387521927988
300707.5,4601282.5,0.4999999541395887,5.0,7.061457732830431
301202.5,4601452.5,0.500002165373975,5.0,7.078362416934545
302292.5,4602077.5,0.5000025965955889,5.0,7.191597841943435
300367.5,4602212.5,0.5000017700634579,5.0,6.98343724217726
300692.5,4601172.5,0.5000024170074405,5.0,6.958605866713163
300077.5,4601082.5,0.500003173370394,5.0,6.91332367680771
300147.5,4601697.5,0.5000016097645932,5.0,6.929841902646302
301257.5,4600307.5,0.5000048322498382,5.0,6.928314527690158
301997.5,4601362.5,0.5000015422407236,5.0,7.10490207661268
301837.5,4600447.5,0.4999983181142683,5.0,7.086513559462191
301722.5,4600197.5,0.5000025732913927,5.0,7.031247033313373
300747.5,4600097.5,0.5000025502334793,5.0,6.947514969385478
301112.5,4601867.5,0.4999988556676303,5.0,7.03287035985548
300927.5,4601127.5,0.4999976526983734,5.0,6.943396419908316
302317.5,4600282.5,0.5000014816570941,5.0,7.053713572062738
300752.5,4601232.5,0.5000043289361695,5.0,6.848377669050887
300512.5,4601177.5,0.5000008003004802,5.0,6.990074227737344
302412.5,4600992.5,0.4999995685383469,5.0,7.192735809876501
301122.5,4601207.5,0.500000089136064,5.0,7.084858386917116
301082.5,4600002.5,0.5000031443687488,5.0,7.00022856291465
302252.5,4602047.5,0.49999900479011616,5.0,7.2587045830109
301022.5,4600932.5,0.5000000275829033,5.0,6.930995273252037
301387.5,4600442.5,0.4999996379801856,5.0,7.069862623516646
300307.5,4600337.5,0.5000030806527654,5.0,6.9945111314501816
300987.5,4602212.5,0.5000057400700637,5.0,6.926744528081628
301477.5,4601377.5,0.5000007272523587,5.0,7.032309684379919
300972.5,4601177.5,0.5000005318327827,5.0,6.937509341444861
300947.5,4600742.5,0.5000032577898932,5.0,7.095599872241359
301947.5,4601012.5,0.5000017445067036,5.0,7.124598554037376
302367.5,4601747.5,0.5000054821645598,5.0,6.992891930160131
301702.5,4600727.5,0.5000016602265241,5.0,6.981422085672824
300667.5,4600267.5,0.5000003053902595,5.0,6.9124707970871215
302347.5,4601477.5,0.5000001599664574,5.0,6.9974452282562245
300747.5,4602362.5,0.5000001377462796,5.0,7.053973634724045
300552.5,4600122.5,0.4999987300941492,5.0,7.080200824905995
300522.5,4601817.5,0.5000008452542125,5.0,6.97238180616571
302242.5,4600152.5,0.5000006973155716,5.0,7.113440033533113
301022.5,4600522.5,0.5000056305514466,5.0,6.798987373439945
302397.5,4600807.5,0.500000916887461,5.0,7.0766128180694965
302217.5,4602432.5,0.5000068527149234,5.0,6.969901514786492
302357.5,4601007.5,0.5000021072665529,5.0,7.104499392639187
300517.5,4600902.5,0.49999888496943884,5.0,6.994716296834073
300622.5,4602192.5,0.4999992231242369,5.0,7.03057506896441
302087.5,4601657.5,0.4999996032200165,5.0,7.148066647204499
301852.5,4600157.5,0.5000035859047505,5.0,7.018285391669477
300252.5,4601067.5,0.5000036028877983,5.0,6.893201295357356
302422.5,4601647.5,0.5000033279378631,5.0,7.0523299696822415
300607.5,4601752.5,0.4999996869692539,5.0,6.875390096983609
300572.5,4601702.5,0.4999997583767019,5.0,7.014711682124025
300092.5,4601032.5,0.5000008892049518,5.0,6.897908771995716
300322.5,4601217.5,0.4999984789743018,5.0,6.945282535299502
300202.5,4600547.5,0.5000011687101863,5.0,6.931308121325564
301267.5,4601387.5,0.500011759630257,5.0,6.846346088614093
300052.5,4601152.5,0.4999982721883384,5.0,6.982240212243305
300947.5,4600432.5,0.5000019105319139,5.0,7.008193747458406
300992.5,4600812.5,0.5000027945813603,5.0,6.95827382809485
301472.5,4602047.5,0.49999996654168943,5.0,6.995040309754519
300862.5,4601892.5,0.5000016652735557,5.0,7.016146619485962
301027.5,4601362.5,0.5000007749152967,5.0,7.177513432768277
301312.5,4600452.5,0.5000063105959894,5.0,6.89910985423077
301052.5,4601642.5,0.5000007477496937,5.0,6.970332951747462
301262.5,4602182.5,0.4999991396867087,5.0,6.93499611599508
301387.5,4600307.5,0.5000018881572806,5.0,7.074977268512066
301007.5,4600602.5,0.5000041942771463,5.0,6.87430718988491
301387.5,4600622.5,0.5000078868889556,5.0,6.9319980320799655
300352.5,4600702.5,0.49999885600971145,5.0,6.9377821883630455
301012.5,4600907.5,0.4999988444501989,5.0,7.125864281224475
300137.5,4600622.5,0.5000010384833249,5.0,6.911943694643068
301337.5,4602122.5,0.5000030712097332,5.0,6.987612648480455
301152.5,4600192.5,0.4999992292596834,5.0,7.006617460772622
301687.5,4601917.5,0.49999861859327294,5.0,6.978470222322956
301017.5,4601047.5,0.5000012345284416,5.0,6.895062959013088
300162.5,4602092.5,0.49999779047078324,5.0,7.0068575580573205
300462.5,4601437.5,0.4999984214082241,5.0,7.052493261521568
300932.5,4600627.5,0.5000004827917262,5.0,6.9589999759781005
301942.5,4602072.5,0.49999985848206363,5.0,6.966851028553182
302072.5,4601692.5,0.5000043265042328,5.0,6.966351312784547
301977.5,4602347.5,0.4999939899973981,5.0,6.969776634497872
302402.5,4600837.5,0.5000021968990528,5.0,6.983196293754503
301742.5,4602017.5,0.5000013215086374,5.0,7.017373866054192
300052.5,4602452.5,0.5000017175214154,5.0,6.8436323175254135
300257.5,4600967.5,0.4999984778330303,5.0,6.955614496073772
300602.5,4600637.5,0.500000907318923,5.0,6.9238761070954
301367.5,4601462.5,0.500011099078377,5.0,6.893131328004017
301857.5,4600892.5,0.5000014650273928,5.0,7.05570360906797
301322.5,4600812.5,0.5000013943044916,5.0,7.010524055706174
301147.5,4600272.5,0.5000008997110974,5.0,6.9518796637723135
300567.5,4600867.5,0.5000006358554312,5.0,6.882468887560614
300732.5,4600657.5,0.4999974308471746,5.0,7.004740584193427
301427.5,4600207.5,0.500003103505534,5.0,6.868813785273325
300157.5,4601592.5,0.5000005684041925,5.0,6.9561502352581845
300377.5,4601157.5,0.5000070767724077,5.0,6.819929512493921
301072.5,4602002.5,0.4999985353973915,5.0,7.00311217961596
301797.5,4600217.5,0.5000004915293804,5.0,7.081479685717573
301622.5,4600827.5,0.500007298509092,5.0,6.885772108912821
301557.5,4602007.5,0.49999689877402476,5.0,7.104118917609854
300397.5,4602102.5,0.4999997504164473,5.0,7.007317769985934
301907.5,4602197.5,0.49999971401470433,5.0,7.029244851046651
301862.5,4600062.5,0.5000036914315668,5.0,7.029301277235053
301757.5,4602132.5,0.5000027312482639,5.0,6.99612417314457
300417.5,4600012.5,0.5000009187670299,5.0,6.977495262060244
300237.5,4601877.5,0.5000000436607236,5.0,7.038305866623948
301227.5,4601892.5,0.5000044431087475,5.0,7.002142208847732
300422.5,4601632.5,0.4999953951770496,5.0,6.960683979303892
301372.5,4600337.5,0.5000011871127973,5.0,6.992746300817909
301802.5,4600622.5,0.5000033505060522,5.0,7.0303505102449115
301117.5,4601257.5,0.4999989649482477,5.0,6.964353477782931
300877.5,4601017.5,0.49999796570866883,5.0,7.020983641771409
302482.5,4601112.5,0.4999982145372897,5.0,7.058180624451247
301522.5,4601052.5,0.5000014000167965,5.0,6.9984774873492155
301782.5,4600232.5,0.5000017043347421,5.0,6.960415773679908
300732.5,4602102.5,0.4999999296723177,5.0,6.927863825117101
300057.5,4602387.5,0.4999969388205424,5.0,6.976079162070321
301057.5,4600667.5,0.5000064454493613,5.0,6.900861721071823
300272.5,4602242.5,0.5000004914732477,5.0,6.939298610681528
302392.5,4602322.5,0.5000043669139497,5.0,7.133236141720828
301777.5,4601797.5,0.5000004402694828,5.0,6.994140932085958
302337.5,4602192.5,0.49999853861156224,5.0,7.018746822204358
300232.5,4601402.5,0.49999893967696657,5.0,6.885393205666613
301812.5,4601492.5,0.5000037943632031,5.0,6.861852433991848
301872.5,4600717.5,0.5000013501559969,5.0,6.948857561829599
301467.5,4602092.5,0.49999931575460205,5.0,7.104664549002914
302472.5,4601222.5,0.5000018919702799,5.0,7.2083648588906435
300067.5,4600232.5,0.5000001938594594,5.0,6.897813120822785
302182.5,4601972.5,0.5000009239694854,5.0,7.078189060620943
300847.5,4600642.5,0.5000036821173837,5.0,6.935838211488315
301402.5,4602337.5,0.4999985869503082,5.0,6.903189287889127
302262.5,4601787.5,0.4999996999212144,5.0,7.121412136065427
300407.5,4600227.5,0.5000046337267683,5.0,6.964184373299791
300307.5,4600047.5,0.4999985439322915,5.0,7.052554483769476
302182.5,4602102.5,0.49999842993493904,5.0,6.9765574365110705
301142.5,4601687.5,0.5000021393200075,5.0,6.916063565890089
301007.5,4600512.5,0.4999988437118602,5.0,6.957379428444647
301277.5,4601937.5,0.5000006055669223,5.0,7.078893681148491
300612.5,4600587.5,0.500002314327741,5.0,6.869663375393747
301042.5,4600452.5,0.49999794592936037,5.0,7.012525831609934
300512.5,4601092.5,0.49999902348131964,5.0,6.882972717526665
301647.5,4600647.5,0.5000005228846603,5.0,7.027460752332372
300197.5,4600822.5,0.5000071256629238,5.0,6.885346905968741
301417.5,4601462.5,0.5000009886950603,5.0,7.061920447540149
300962.5,4601627.5,0.4999976423805562,5.0,7.025925424684932
301092.5,4601317.5,0.4999997655585992,5.0,6.993829991861209
301752.5,4601642.5,0.49999936660699446,5.0,7.0389888336639705
301822.5,4600417.5,0.500000361732796,5.0,6.94003122143509
300612.5,4601422.5,0.49999805446289997,5.0,6.972662836627637
301467.5,4600337.5,0.5000008472841913,5.0,6.99713495583964
301462.5,4602437.5,0.5000012298169816,5.0,7.021157308372061
302497.5,4601292.5,0.5000016444653367,5.0,6.992528065532896
301672.5,4601952.5,0.5000019867033881,5.0,6.9909959460687725
301212.5,4601517.5,0.4999984646535938,5.0,7.106946085274039
301482.5,4601797.5,0.49999876407718735,5.0,7.11177832384853
301207.5,4601437.5,0.5000025859431295,5.0,6.946850021286462
301742.5,4600457.5,0.49999657096687794,5.0,6.958933586373949
301412.5,4601637.5,0.5000052145487417,5.0,6.992638002608199
300072.5,4600252.5,0.5000012586341642,5.0,6.893663271676
301432.5,4600027.5,0.5000082863346524,5.0,6.8327316809271315
302352.5,4601562.5,0.4999997178302691,5.0,7.004907957548189
302002.5,4601837.5,0.5000000910814596,5.0,7.127723655553008
300707.5,4600752.5,0.5000006641058934,5.0,6.962761438427568
300397.5,4601662.5,0.5000010831807253,5.0,7.009898338364267
300942.5,4601587.5,0.5000015491086102,5.0,6.990765290158816
301017.5,4602167.5,0.5000008056690843,5.0,7.022045595882116
301487.5,4600577.5,0.5000028551603146,5.0,6.859619343255032
301542.5,4601657.5,0.5000010790670671,5.0,7.045031844417689
301777.5,4602267.5,0.49999476279345334,5.0,7.250126737279585
300737.5,4601892.5,0.4999978735270873,5.0,6.922792474758516
300757.5,4600857.5,0.49999872965812026,5.0,6.9905544891026015
302347.5,4600242.5,0.49999866902466084,5.0,7.096559520484671
300792.5,4600367.5,0.5000012554488226,5.0,7.083528096111984
301877.5,4600797.5,0.5000008039929984,5.0,7.1684724842263154
301012.5,4601727.5,0.4999957423635701,5.0,7.012824835318122
301297.5,4602107.5,0.49999728018254624,5.0,6.973288706323055
300937.5,4600247.5,0.4999997995395004,5.0,7.026063912154238
300007.5,4600982.5,0.49999762638180306,5.0,6.948820942962626
302122.5,4601762.5,0.49999981815799444,5.0,7.068166778846259
300602.5,4602007.5,0.49999668881731085,5.0,7.0499355769944785
302137.5,4600677.5,0.5000036557615287,5.0,7.072361249256372
300422.5,4601102.5,0.4999990793428105,5.0,7.093807142467948
302377.5,4601437.5,0.5000025374067152,5.0,7.185255009060579
302067.5,4602207.5,0.5000001643300571,5.0,7.144008475495568
300972.5,4601127.5,0.5000052163696563,5.0,6.884932351798556
301032.5,4602322.5,0.49999740733666337,5.0,7.028696712831378
301317.5,4602392.5,0.4999994299440427,5.0,7.087130410861287
301612.5,4600667.5,0.5000030740425762,5.0,7.092458609617928
300337.5,4602347.5,0.4999985460293012,5.0,7.023139766877577
301337.5,4600377.5,0.5000009404846879,5.0,7.113964302476901
300972.5,4601172.5,0.4999999922546428,5.0,7.010948804304473
300412.5,4600787.5,0.5000004193087172,5.0,6.9855978119095035
302482.5,4600082.5,0.49999773609860027,5.0,7.003406899886634
300772.5,4602012.5,0.49999936178577686,5.0,6.997035276545228
300612.5,4602352.5,0.5000023188560987,5.0,6.944414389236037
301002.5,4600142.5,0.5000006910445988,5.0,7.006739635242711
301757.5,4600162.5,0.5000057703157158,5.0,6.949914410480338
300637.5,4600817.5,0.500004921304268,5.0,6.974143959208638
301112.5,4600152.5,0.5000016066041308,5.0,6.929181354538452
301632.5,4601697.5,0.500001740025142,5.0,7.067470965442804
300387.5,4602292.5,0.4999997766285877,5.0,7.00566329927767
301777.5,4601512.5,0.5000058474298226,5.0,6.851683433403361
300152.5,4601047.5,0.5000015481127553,5.0,6.936682218232142
301407.5,4600947.5,0.4999985401758356,5.0,7.042453952362793
301312.5,4601102.5,0.5000001988709747,5.0,7.025466229360423
301222.5,4600797.5,0.4999996580852672,5.0,7.083373788021676
301597.5,4600967.5,0.5000009588374591,5.0,7.081457475507398
302057.5,4601397.5,0.5000016107345937,5.0,7.152867392808298
300657.5,4600947.5,0.5000013205393468,5.0,6.99877542841562
301647.5,4601967.5,0.5000028157013047,5.0,7.049628298258933
301177.5,4600402.5,0.500002582038563,5.0,7.230530723028086
300987.5,4602487.5,0.4999993843087324,5.0,7.066926040360362
302467.5,4600262.5,0.500001311715157,5.0,7.185437046828626
300847.5,4601302.5,0.500001059632591,5.0,7.018459638774089
301367.5,4602067.5,0.4999991225238836,5.0,6.982233480154889
300702.5,4601702.5,0.5000046400901427,5.0,6.933152371178867
300122.5,4601947.5,0.5000000963013458,5.0,6.905531995923648
301487.5,4601727.5,0.5000031014280292,5.0,6.866069997711507
300262.5,4601222.5,0.49999809196299483,5.0,6.993660067413977
301942.5,4601557.5,0.5000005124665011,5.0,7.049091131321531
300107.5,4601592.5,0.5000018361126525,5.0,7.002031779870132
300587.5,4601962.5,0.4999990175648664,5.0,6.904278589913588
300162.5,4600702.5,0.5000025687684755,5.0,6.82002375507443
300687.5,4600252.5,0.49999980056391596,5.0,7.017239444533507
300282.5,4600327.5,0.5000004660712638,5.0,7.081013100927375
302127.5,4600037.5,0.5000022246153404,5.0,6.940555435380242
300682.5,4601362.5,0.5000019487702126,5.0,7.049248308744652
301837.5,4601457.5,0.5000037710000079,5.0,7.008470979054437
301557.5,4600082.5,0.5000036510275986,5.0,7.055573264042417
302497.5,4602487.5,0.4999957504402148,5.0,7.121359145457708
300102.5,4600092.5,0.49999975732659013,5.0,6.905198295079336
301247.5,4600737.5,0.5000011356075559,5.0,7.081089242127081
301787.5,4601377.5,0.4999993177334295,5.0,7.135791185715827
300057.5,4601487.5,0.5000029897800125,5.0,6.900122742565978
300677.5,4601052.5,0.5000021275140281,5.0,6.967374587330712
302327.5,4601667.5,0.4999995334220977,5.0,7.152247774382326
300677.5,4601037.5,0.49999773413571474,5.0,6.962497912376314
300152.5,4602062.5,0.5000057200829949,5.0,6.814854401608104
300022.5,4600482.5,0.5000007852621714,5.0,6.915197837539566
301362.5,4600942.5,0.5000000196635385,5.0,7.02559488048406
300522.5,4601967.5,0.4999990175842508,5.0,6.935419106375531
300622.5,4601942.5,0.49999836578108187,5.0,7.101684618425378
300927.5,4600262.5,0.5000021524247377,5.0,6.960034521506098
301337.5,4601797.5,0.5000020365136052,5.0,6.994731276347344
301037.5,4601997.5,0.5000064890800822,5.0,7.110703181128145
302407.5,4602157.5,0.5000029502060209,5.0,6.968024951824684
301602.5,4600137.5,0.4999974899128699,5.0,7.06084851106395
302487.5,4601622.5,0.5000003413352723,5.0,7.077518443648615
301507.5,4600447.5,0.500001100494617,5.0,6.998282970752699
301502.5,4600592.5,0.5000007829217632,5.0,7.114060349640717
302247.5,4600552.5,0.5000027404701032,5.0,7.052514942824598
301697.5,4601347.5,0.4999996403109279,5.0,6.969204253981226
301052.5,4600837.5,0.5000028809107664,5.0,7.067990694668817
301652.5,4600337.5,0.5000038942081136,5.0,7.1012166198482936
300452.5,4600767.5,0.49999812292306256,5.0,7.001878201451783
301422.5,4600257.5,0.5000005658989377,5.0,7.0770494390752665
300102.5,4600532.5,0.500002093492519,5.0,6.95447053904613
301737.5,4602037.5,0.49999937392531507,5.0,7.033864981389432
301257.5,4600722.5,0.5000040388619127,5.0,6.92474477793391
301222.5,4600922.5,0.500000949440601,5.0,7.042479728805237
301227.5,4601767.5,0.5000002091091019,5.0,7.072265131836712
300877.5,4600972.5,0.49999955862913453,5.0,6.973714553211627
301252.5,4601052.5,0.49999974241501394,5.0,7.02949747815017
300492.5,4601457.5,0.5000050143985876,5.0,6.989597972368368
302272.5,4602222.5,0.5000020057683651,5.0,7.004200290110441
302352.5,4601942.5,0.500002771752031,5.0,7.010944503109123
302297.5,4602227.5,0.5000008213511019,5.0,7.074663508293248
300307.5,4600872.5,0.5000039963551619,5.0,6.954355399709214
302077.5,4600702.5,0.5000070497675259,5.0,7.146000292365603
300537.5,4600782.5,0.5000027727026944,5.0,6.871596834154557
300372.5,4601707.5,0.49999986394707613,5.0,6.967530948231052
301582.5,4601137.5,0.49999840628599224,5.0,6.9735055439368825
300512.5,4602332.5,0.4999975328301197,5.0,7.018241748043691
300972.5,4601052.5,0.5000011316065814,5.0,6.927948128631208
302022.5,4601502.5,0.5000045206563575,5.0,7.082163065936654
302247.5,4601517.5,0.5000032199469349,5.0,7.007298681797907
301177.5,4600432.5,0.500007110635163,5.0,7.125990838217017
300762.5,4601147.5,0.49999989736999134,5.0,6.941782615668087
302387.5,4600337.5,0.5000033783853074,5.0,7.063658469987512
301492.5,4600912.5,0.5000034964188523,5.0,6.866237298256541
301377.5,4600752.5,0.5000001342837292,5.0,7.02211920690391
301352.5,4601182.5,0.5000001560091545,5.0,7.121299542994804
301492.5,4601917.5,0.5000007685745924,5.0,7.106145600289951
300762.5,4600932.5,0.5000025164441458,5.0,7.035070201014093
301077.5,4602247.5,0.4999988997408747,5.0,7.040940689505154
301992.5,4600922.5,0.5000020160633689,5.0,6.91170069445811
300882.5,4601297.5,0.4999990903281682,5.0,7.149628748602857
302292.5,4601182.5,0.500000454604508,5.0,7.1260363763141585
301802.5,4601197.5,0.49999779952430706,5.0,7.000071062394894
301152.5,4600582.5,0.4999999166231957,5.0,6.9523945995665875
302097.5,4602097.5,0.49999994749903237,5.0,6.944618546922492
300302.5,4601817.5,0.49999779730909427,5.0,7.0170077697329285
300077.5,4600192.5,0.5000024311260148,5.0,6.924719673041949
302192.5,4602397.5,0.4999986268236162,5.0,7.1610616895796495
301587.5,4601757.5,0.49999961273116617,5.0,7.04794279581136
301122.5,4601272.5,0.49999702039627425,5.0,6.933370192658727
302372.5,4601942.5,0.5000055237246112,5.0,6.974156443232666
300872.5,4600332.5,0.5000046085778113,5.0,6.87601346736189
301707.5,4601587.5,0.500003272075974,5.0,7.0730803928746155
300847.5,4602377.5,0.5000008671141746,5.0,6.977772724943641
302282.5,4600047.5,0.5000004914506037,5.0,7.000933648713908
300222.5,4600252.5,0.4999979215147031,5.0,6.926161063486622
301607.5,4601017.5,0.5000011099467028,5.0,7.186853385141293
300487.5,4600972.5,0.499998307274569,5.0,6.978001850794311
300992.5,4601842.5,0.5000007148848565,5.0,6.978975761360044
301197.5,4600422.5,0.5000021844492526,5.0,7.003763450874485
300212.5,4600047.5,0.500000645740159,5.0,6.982060899662884
300112.5,4601137.5,0.5000005963451953,5.0,6.983206455439211
300662.5,4601232.5,0.5000045631835258,5.0,6.996020635622772
301342.5,4602242.5,0.4999992940488625,5.0,7.082952050462181
301682.5,4602362.5,0.4999995807290192,5.0,7.071303217719824
301587.5,4602267.5,0.499999899277278,5.0,7.085875919752865
300787.5,4602147.5,0.4999985370201675,5.0,6.9171781227426825
302172.5,4602177.5,0.5000053604251669,5.0,7.101081182146609
301162.5,4601092.5,0.5000028096716255,5.0,6.971580582009595
301212.5,4600487.5,0.4999998037589722,5.0,6.976804531158499
300892.5,4600052.5,0.5000017648579049,5.0,7.024497724797439
300432.5,4600962.5,0.49999578741037604,5.0,6.9623869513886625
301352.5,4600597.5,0.49999984170530376,5.0,6.978638515633548
302302.5,4600927.5,0.5000001958035366,5.0,6.9751367906282145
301747.5,4602337.5,0.4999994167596031,5.0,7.056332605145098
300997.5,4601412.5,0.5000002446741748,5.0,6.993407600695962
302492.5,4601577.5,0.500000449256781,5.0,7.029358694693322
302207.5,4600207.5,0.5000037359422062,5.0,7.16011588944608
300302.5,4601407.5,0.4999968998467179,5.0,6.930397494693342
300977.5,4601702.5,0.4999985444651508,5.0,7.016677655206361
300482.5,4600092.5,0.5000013289703317,5.0,6.998939211935743
300217.5,4602237.5,0.5000001118309886,5.0,7.051899598119069
300222.5,4601827.5,0.49999659970155624,5.0,6.960398351163327
300507.5,4601577.5,0.5000043085157688,5.0,6.769046963977427
300247.5,4601952.5,0.4999982986090018,5.0,6.970550351820626
301212.5,4600127.5,0.5000044030756723,5.0,6.946010664752609
300917.5,4600852.5,0.4999974507356444,5.0,7.103239820409841
302497.5,4600857.5,0.499998928324356,5.0,7.0833485806688845
301202.5,4602267.5,0.5000041090940613,5.0,6.950666478522768
300627.5,4602347.5,0.5000010718766977,5.0,6.974772045321033
302072.5,4600037.5,0.49999819977582477,5.0,7.098577335256867
302477.5,4601597.5,0.49999945606251894,5.0,7.0732595843694135
302267.5,4601302.5,0.5000017147145829,5.0,7.194597289873539
300037.5,4600282.5,0.4999972607848414,5.0,6.9375560812246375
300957.5,4602152.5,0.4999981210644752,5.0,7.089526567351018
300927.5,4602487.5,0.49999865210397215,5.0,7.0383084887447644
301992.5,4602102.5,0.4999989024186138,5.0,6.924348289503002
300272.5,4602042.5,0.4999975124230752,5.0,6.953538415377505
302107.5,4602107.5,0.49999719604699766,5.0,7.085456194670142
301992.5,4601597.5,0.5000051042692746,5.0,6.9843981262942
300887.5,4600052.5,0.5000012829358218,5.0,6.893541077623849
300407.5,4601707.5,0.49999942467120045,5.0,6.966891524286555
301107.5,4601832.5,0.5000008340752994,5.0,6.989415002463325
301142.5,4600722.5,0.499996969558846,5.0,7.005624232952553
301022.5,4601142.5,0.5000029980621233,5.0,7.019246574890877
301477.5,4602492.5,0.4999993137564767,5.0,7.046592222494536
300972.5,4602462.5,0.4999970172844015,5.0,7.023891335032739
300267.5,4601212.5,0.5000012686324062,5.0,6.87183672031423
302062.5,4601117.5,0.5000060849140501,5.0,6.950158109010579
300292.5,4601652.5,0.4999992049358712,5.0,6.912098805727781
302012.5,4601042.5,0.4999997573869298,5.0,7.135015160790923
301217.5,4600337.5,0.5000025026789735,5.0,6.984590636844774
302142.5,4600192.5,0.4999996020461826,5.0,7.0167911367305065
302452.5,4602237.5,0.4999972195478513,5.0,7.0780843515780525
302382.5,4601002.5,0.5000025406639496,5.0,7.0756109561587115
301222.5,4601712.5,0.5000008137139446,5.0,6.99119742973053
302337.5,4602322.5,0.5000020005399965,5.0,7.033721059380852
301497.5,4601967.5,0.4999947769008727,5.0,7.051787714748766
301042.5,4602352.5,0.49999754095213006,5.0,7.0358273109268845
301917.5,4600712.5,0.5000006228295789,5.0,6.982525967804731
302052.5,4601452.5,0.49999769010526746,5.0,7.1254825164176365
300657.5,4601402.5,0.49999996951307185,5.0,6.964590674509671
302197.5,4601012.5,0.4999998983900198,5.0,7.003424823907714
300552.5,4602037.5,0.5000037033981652,5.0,6.916025515635377
302287.5,4602067.5,0.5000001445536871,5.0,7.086988264571477
301032.5,4601547.5,0.5000009073401172,5.0,6.925000835713499
302217.5,4601727.5,0.49999894431271463,5.0,7.089275400869544
301907.5,4600007.5,0.5000128637765064,5.0,6.931938552839659
301192.5,4600067.5,0.500003850556144,5.0,6.934852710322599
302307.5,4602132.5,0.5000045789924376,5.0,6.839238296761031
301792.5,4601672.5,0.5000030249654761,5.0,7.021323642126437
300687.5,4601797.5,0.4999995549360122,5.0,7.011209509774509
302487.5,4601082.5,0.49999891180873346,5.0,7.169978961295042
301357.5,4601942.5,0.5000016229871818,5.0,7.061958978639171
302117.5,4601697.5,0.49999960362146023,5.0,7.036975414791157
301907.5,4602317.5,0.4999987070506481,5.0,7.076530971730663
301792.5,4600792.5,0.49999944145351977,5.0,7.194261413209807
300997.5,4601342.5,0.5000020809000489,5.0,6.98334683088847
302037.5,4600017.5,0.5000022468639669,5.0,7.013607469935806
301207.5,4602217.5,0.4999985574425505,5.0,7.1170761053971
300537.5,4601217.5,0.5000035899863489,5.0,6.940006947660695
301477.5,4601532.5,0.49999861720687994,5.0,6.998712789170675
300382.5,4602432.5,0.4999998528575585,5.0,6.996970740879607
302197.5,4602412.5,0.5000012301690838,5.0,7.0413893476579466
301167.5,4602272.5,0.49999563038488604,5.0,7.068010763536551
300177.5,4601897.5,0.49999688882873866,5.0,6.952330032167204
302307.5,4601177.5,0.5000016020357555,5.0,7.025397360427446
301142.5,4601147.5,0.5000044306245638,5.0,6.986003978395851
301937.5,4600537.5,0.5000040899237456,5.0,7.115276176135506
300527.5,4601747.5,0.4999984483361,5.0,6.911725430198175
301722.5,4600602.5,0.4999976028689159,5.0,7.089926162995594
300677.5,4602482.5,0.5000033104315484,5.0,6.913085928217281
300592.5,4602377.5,0.5000014117074808,5.0,6.881089327886099
301782.5,4600882.5,0.49999836459161484,5.0,7.129446671106222
301042.5,4601777.5,0.49999773439618966,5.0,7.042646829123825
300732.5,4601082.5,0.49999984799303127,5.0,6.956345692605454
301202.5,4601497.5,0.49999936481408014,5.0,6.991165592527032
301942.5,4600072.5,0.5000031050082502,5.0,6.905534505129179
300912.5,4601452.5,0.5000013811602044,5.0,6.877969843762092
301707.5,4602037.5,0.500000772564078,5.0,6.882059521008999
300367.5,4601482.5,0.5000000992350896,5.0,6.945681807281926
301282.5,4602497.5,0.4999979522007001,5.0,7.091987037750205
301982.5,4600992.5,0.5000014693690678,5.0,7.131032556608233
301792.5,4601927.5,0.5000006241552941,5.0,7.099690639457918
300897.5,4600142.5,0.5000007151743739,5.0,7.05256179923032
300287.5,4601617.5,0.49999837347727,5.0,6.939363364271181
302482.5,4600242.5,0.4999997296526615,5.0,7.129696818335827
301157.5,4601157.5,0.4999964465579305,5.0,7.058405410717874
302167.5,4600057.5,0.49999978878055606,5.0,7.058359236136922
301927.5,4601552.5,0.4999986496370085,5.0,7.032897580984061
301407.5,4602072.5,0.4999977019949734,5.0,6.9420024208954425
300237.5,4601872.5,0.4999995059170185,5.0,7.027620432433502
301847.5,4600177.5,0.500003764828706,5.0,6.887467892734572
300022.5,4600022.5,0.4999977500795179,5.0,6.8518382555571264
300157.5,4600932.5,0.5000030882222559,5.0,6.9697629994306105
301967.5,4600182.5,0.5000026087600808,5.0,7.117861370935423
301512.5,4601947.5,0.499996089693288,5.0,7.021047835417134
301057.5,4601197.5,0.49999896723903503,5.0,7.021277214607604
300247.5,4600562.5,0.5000013085403378,5.0,6.956480982203107
301817.5,4600227.5,0.500003371724251,5.0,6.911977658261546
301897.5,4601497.5,0.4999994118959428,5.0,7.171928549319493
300937.5,4602062.5,0.5000005876887927,5.0,6.933164911193098
301097.5,4600762.5,0.499997777757134,5.0,6.939849118943012
302402.5,4600962.5,0.500002184847657,5.0,7.122328522755925
300357.5,4600617.5,0.49999662590181754,5.0,6.8915881090989
300132.5,4600017.5,0.5000010664616545,5.0,7.029674069345443
301957.5,4601947.5,0.49999992907636537,5.0,7.023238673525885
302217.5,4601452.5,0.500000221713557,5.0,7.008774639053552
300192.5,4600057.5,0.50000085935065,5.0,6.887326946226324
301502.5,4600587.5,0.5000010303788806,5.0,7.0312646997994745
300682.5,4600457.5,0.5000009862922326,5.0,7.044483366586658
300092.5,4601687.5,0.4999983196971895,5.0,6.949201286947425
302377.5,4600532.5,0.5000001924194706,5.0,7.144285350685485
302002.5,4601792.5,0.5000029440867334,5.0,7.074351469642172
301572.5,4601577.5,0.5000021226906244,5.0,7.059727833623031
300252.5,4601992.5,0.4999965492258254,5.0,7.001223989569636
300137.5,4600677.5,0.4999993712766484,5.0,7.01652021397316
301107.5,4601017.5,0.49999956505727405,5.0,6.988145499224214
300812.5,4600872.5,0.5000021844747684,5.0,6.88135526146363
302357.5,4600037.5,0.5000030706577577,5.0,7.1637264209673015
300152.5,4601977.5,0.4999997626921815,5.0,6.987692106511212
302322.5,4602207.5,0.49999925282210905,5.0,7.049801972034431
302027.5,4602007.5,0.49999975830327176,5.0,7.062042359519478
302182.5,4600927.5,0.5000050943852564,5.0,7.09172116013435
302482.5,4600457.5,0.5000035575729699,5.0,6.98448701274672
301197.5,4601272.5,0.49999738587824427,5.0,7.071315354122921
301857.5,4601697.5,0.4999984348244963,5.0,7.079975608367503
300492.5,4601272.5,0.5000026432228202,5.0,6.882965784036542
300187.5,4600567.5,0.4999987480625504,5.0,6.969320846699801
302347.5,4600802.5,0.5000005528551305,5.0,7.1904877131580776
300632.5,4600792.5,0.4999987592996371,5.0,6.98636065963366
300067.5,4601982.5,0.5000017314627808,5.0,6.977102224706024
301497.5,4602442.5,0.49999830678282703,5.0,7.018006388637927
300877.5,4601077.5,0.5000052351718339,5.0,6.888612626537178
300247.5,4602397.5,0.4999998625496214,5.0,6.970051480319239
300582.5,4602487.5,0.5000004924969083,5.0,7.012693651026571
300262.5,4601172.5,0.5000013960848289,5.0,6.918895494079943
302052.5,4601962.5,0.4999995630833175,5.0,7.013250574134846
302237.5,4602087.5,0.49999768815388124,5.0,7.000366618457764
302207.5,4600652.5,0.4999995374441795,5.0,7.236571034313281
301992.5,4602487.5,0.5000023521653335,5.0,7.200244084159203
302152.5,4602357.5,0.500000476894251,5.0,6.965381878830388
301177.5,4601352.5,0.5000003720717091,5.0,6.980994148196441
300147.5,4600447.5,0.5000033602678589,5.0,6.94008840008038
300522.5,4600917.5,0.5000014143855531,5.0,6.939494908430502
301627.5,4601837.5,0.5000010644652118,5.0,7.039118100876635
301202.5,4600962.5,0.4999984179433226,5.0,7.110185289697373
300677.5,4600997.5,0.49999998986963967,5.0,7.058516997029739
300042.5,4601802.5,0.49999625475701553,5.0,6.965843387063041
300392.5,4602132.5,0.5000027781069104,5.0,6.887729885396434
302052.5,4601632.5,0.5000019565341413,5.0,6.99975352760402
302427.5,4600352.5,0.5000020866502289,5.0,7.243026747919874
301762.5,4601907.5,0.5000008658595876,5.0,6.944265822525666
300647.5,4602232.5,0.5000013366318066,5.0,6.985720594657579
302077.5,4602462.5,0.5000002977028938,5.0,7.05060288125828
302382.5,4602037.5,0.500001894223682,5.0,7.061742276239847
301642.5,4602142.5,0.4999992353035444,5.0,7.181458459529217
302312.5,4601897.5,0.5000023630894663,5.0,7.047940154611472
300622.5,4601012.5,0.4999975374197423,5.0,6.920834789009247
301377.5,4600647.5,0.5000073166532951,5.0,6.826252101833215
300267.5,4600192.5,0.5000022541619711,5.0,7.025295902455522
300112.5,4601457.5,0.4999986620480573,5.0,6.947271361737322
302167.5,4601632.5,0.5000056202637748,5.0,7.009618483231269
300487.5,4600802.5,0.5000023867464353,5.0,6.886988248222196
302392.5,4600462.5,0.5000068666164006,5.0,7.031498587410842
301272.5,4602407.5,0.5000012545241931,5.0,6.9791348535560465
301622.5,4602277.5,0.4999975399587082,5.0,7.044465445158593
302002.5,4602222.5,0.4999987465803765,5.0,7.173711138180358
300812.5,4602362.5,0.4999984881206456,5.0,7.086468101787851
301867.5,4601687.5,0.499999329573172,5.0,6.916194867668562
301922.5,4600522.5,0.5000008016262637,5.0,7.027093894313693
300217.5,4602482.5,0.500003277629427,5.0,6.867231101793934
301197.5,4600642.5,0.4999994434130691,5.0,7.109214252738801
301837.5,4601662.5,0.5000036617339441,5.0,6.973041536261055
301632.5,4600952.5,0.5000004824581351,5.0,7.030683316552371
300402.5,4601422.5,0.5000018250977862,5.0,6.979227584957123
300182.5,4600267.5,0.5000053110583507,5.0,6.926468574779772
302407.5,4602407.5,0.50000294555697,5.0,6.979933531534007
300547.5,4602282.5,0.5000010144874607,5.0,7.051485351477939
300837.5,4600977.5,0.49999857479656273,5.0,7.066984000747899
301012.5,4601497.5,0.4999985344834403,5.0,7.0205722012963365
300052.5,4601102.5,0.5000013028706733,5.0,6.978488063935095
302142.5,4601177.5,0.5000034254987898,5.0,6.981767064801118
300562.5,4600622.5,0.4999993178747782,5.0,6.868044030874175
300087.5,4602067.5,0.4999997808686562,5.0,6.88419318854811
300377.5,4600442.5,0.50000046177368,5.0,6.958416928467082
301307.5,4602227.5,0.4999977368722968,5.0,7.059320240442918
300747.5,4601732.5,0.5000021540752441,5.0,6.911167744750042
301762.5,4600327.5,0.5000046869077122,5.0,6.987649824200546
301577.5,4601912.5,0.4999995788131409,5.0,7.017310574230908
301757.5,4601937.5,0.4999976410621828,5.0,6.972689050961629
300462.5,4600127.5,0.5000020037534885,5.0,6.996495296060887
301907.5,4600282.5,0.4999959636110732,5.0,7.096996177652359
302242.5,4601972.5,0.499997644966884,5.0,7.016826275294407
301897.5,4600927.5,0.5000005162727639,5.0,7.132054736158248
300697.5,4600647.5,0.5000029068383434,5.0,6.890201325433436
302307.5,4600562.5,0.5000003257543774,5.0,6.922871900475359
301652.5,4601717.5,0.5000033882689726,5.0,7.018902010864927
302032.5,4602157.5,0.49999898511479896,5.0,7.118118302616373
302202.5,4602177.5,0.49999972952096033,5.0,7.108852997897978
302267.5,4601157.5,0.5000002969802237,5.0,7.040736400899678
300027.5,4600207.5,0.4999998476984717,5.0,6.8452308113110245
302347.5,4601037.5,0.5000000793175178,5.0,6.955203517113487
300767.5,4601782.5,0.5000064736823797,5.0,6.863339521267316
301927.5,4601032.5,0.5000018118266611,5.0,6.933221857252077
302407.5,4601327.5,0.500001283399082,5.0,6.941193008361197
301882.5,4601777.5,0.5000075034555953,5.0,6.9646442654730745
301772.5,4602057.5,0.5000009527718519,5.0,7.02168056039278
302372.5,4601972.5,0.4999995919123242,5.0,7.148118386272096
302297.5,4601272.5,0.500001493760715,5.0,7.012113673415498
300967.5,4601552.5,0.4999987763705048,5.0,6.98030694123203
301132.5,4601617.5,0.5000019952061617,5.0,7.1185547780178835
301447.5,4601687.5,0.5000034002320978,5.0,6.975603887100151
301907.5,4600247.5,0.5000081261326396,5.0,6.969782113565129
300307.5,4600667.5,0.5000060475057387,5.0,6.861448064349855
300007.5,4601447.5,0.4999999711972115,5.0,6.969026561474463
302432.5,4600097.5,0.4999980459268605,5.0,7.1215119925305705
301972.5,4602332.5,0.5000009670815586,5.0,7.142051725894343
302397.5,4602142.5,0.4999995423343706,5.0,7.0360883408589325
300992.5,4601417.5,0.5000029964880398,5.0,7.034648495133335
301637.5,4600282.5,0.5000024242464696,5.0,7.038282719143038
301452.5,4602492.5,0.5000024008977837,5.0,7.035659772526495
301492.5,4600762.5,0.5000008750391155,5.0,7.090269689839957
300612.5,4601362.5,0.4999991988647594,5.0,7.0043430450657285
301027.5,4600467.5,0.5000030367611997,5.0,6.976607077989833
301487.5,4600512.5,0.5000015216252788,5.0,7.048379274836245
300642.5,4601917.5,0.4999953532548145,5.0,7.048289497746736
300027.5,4601747.5,0.5000013093314947,5.0,6.922162416165863
302207.5,4601822.5,0.5000016774339369,5.0,7.104024838467809
301917.5,4601062.5,0.5000070320983464,5.0,6.946148232217445
300587.5,4600112.5,0.500002237731177,5.0,6.919163213307957
300072.5,4601472.5,0.4999941496116361,5.0,6.956300122453131
302112.5,4600492.5,0.49999976605361246,5.0,7.1339037172885185
300542.5,4600577.5,0.5000021194217324,5.0,6.886701950356163
301257.5,4600007.5,0.5000023884999886,5.0,6.908948011812518
300022.5,4601652.5,0.4999980434388181,5.0,6.879076934586687
302462.5,4600237.5,0.5000069558445236,5.0,7.043847883876212
300797.5,4601742.5,0.4999959333329692,5.0,6.938616865690867
301432.5,4601892.5,0.5000004039251195,5.0,7.145831599364184
300037.5,4602152.5,0.4999982515786278,5.0,6.9191889017993935
302007.5,4601527.5,0.5000008646523239,5.0,7.093875352198153
300487.5,4602312.5,0.4999987587229008,5.0,6.926622776054558
300277.5,4600337.5,0.5000007338148326,5.0,6.9547903583933
301402.5,4601347.5,0.5000054571460962,5.0,6.969829589372475
301442.5,4600432.5,0.5000027135249089,5.0,6.9534948854334475
300292.5,4601732.5,0.49999806601661534,5.0,7.015110584023648
300087.5,4602407.5,0.49999627611068514,5.0,6.952112291067874
302192.5,4601637.5,0.49999750643409413,5.0,7.155399619148398
302367.5,4602342.5,0.5000008755821859,5.0,7.133807517760356
301817.5,4601277.5,0.5000022987927782,5.0,6.977345974912514
300267.5,4602357.5,0.5000071125158061,5.0,6.761190692257967
301777.5,4600387.5,0.49999580696344914,5.0,7.153479026287145
302172.5,4601597.5,0.5000009057496047,5.0,6.961113108489123
301872.5,4601867.5,0.5000016807479325,5.0,7.134284308666858
300507.5,4600372.5,0.500002708957099,5.0,6.87674540401503
301292.5,4601112.5,0.49999789222305757,5.0,6.9856486416418395
300722.5,4602147.5,0.5000030941585034,5.0,6.8710470496491025
301722.5,4602022.5,0.5000017569372299,5.0,6.989024709385103
300372.5,4601817.5,0.49999930545019067,9.465014779987603,6.801480014063594
300452.5,4602157.5,0.49999949130259785,5.0,6.831595544700535
301447.5,4601082.5,0.5000018630634026,5.0,6.953525550555007
302197.5,4600107.5,0.5000040105572497,5.0,6.960428346305356
300177.5,4601857.5,0.5000003549392286,5.0,6.87646222647456
300492.5,4602092.5,0.49999777118009125,5.0,7.042617251313277
301017.5,4600312.5,0.50000379593586,5.0,6.897057082672208
301617.5,4601447.5,0.500002312971109,5.0,7.033003337016622
300602.5,4601682.5,0.5000027414527527,5.0,6.903918831305254
300632.5,4600177.5,0.5000053292686235,5.0,6.940265181524173
302102.5,4600867.5,0.500002287556977,5.0,7.128801036920918
301477.5,4600542.5,0.5000007840936302,5.0,7.012770616614298
301897.5,4601447.5,0.5000022503613754,5.0,7.099345145823271
301202.5,4600832.5,0.4999994586773998,5.0,7.105065028797654
300477.5,4601992.5,0.4999981080006663,5.0,6.953111692187582
302262.5,4601727.5,0.4999979263702292,5.0,6.980466678291395
301157.5,4600482.5,0.5000029612683577,5.0,6.886635621766305
301742.5,4601702.5,0.4999997215665856,5.0,6.973852004691844
302407.5,4601162.5,0.5000007385298615,5.0,7.034305475096367
302142.5,4600592.5,0.49999933258300333,5.0,7.080778360127446
300272.5,4602092.5,0.4999987538598299,5.0,6.945195892980837
300887.5,4600447.5,0.5000004067988159,5.0,7.027514881362349
302032.5,4600682.5,0.4999979303718478,5.0,6.991634694433506
300112.5,4600432.5,0.5000032192496146,5.0,6.957879213565654
301567.5,4601892.5,0.5000035728301626,5.0,6.983569565308084
302442.5,4601747.5,0.49999948762343494,5.0,7.196678025553889
302247.5,4600202.5,0.4999996021460278,5.0,6.866464702956983
301707.5,4600362.5,0.5000026655205164,5.0,7.162881793143462
300637.5,4600752.5,0.500000453800451,5.0,6.955795574765821
302332.5,4601167.5,0.5000000497517483,5.0,7.0459218540382595
300247.5,4600462.5,0.4999995044383129,5.0,6.947456377074355
301687.5,4600137.5,0.4999981048492075,5.0,6.9950278611984436
301862.5,4601472.5,0.5000011109309958,5.0,7.016604020887966
300697.5,4601797.5,0.49999999950756807,5.0,7.125833707921882
301102.5,4600312.5,0.5000015573755431,5.0,6.9730038020754535
300762.5,4601522.5,0.49999878267767994,5.0,7.026265593629393
300552.5,4600177.5,0.49999979048892684,5.0,6.963316144200091
300802.5,4602432.5,0.4999997335912007,5.0,7.0318932605743685
301687.5,4602302.5,0.5000035355196965,5.0,7.085865848774975
301627.5,4602417.5,0.4999991575474431,5.0,7.160678709387538
300697.5,4600702.5,0.4999956683626224,5.0,6.961828759212442
301987.5,4600542.5,0.5000002552224694,5.0,7.013610491169275
301907.5,4600607.5,0.49999883775889437,5.0,7.124302805256903
301637.5,4602007.5,0.49999871474487817,5.0,7.086209318682358
302212.5,4601297.5,0.4999975659471958,5.0,7.092669285963335
302132.5,4602047.5,0.50000130847111,5.0,7.011107322391061
302192.5,4602157.5,0.5000033964171732,5.0,6.982531871284892
302317.5,4600192.5,0.49999776470585366,5.0,6.976266958123026
302042.5,4601647.5,0.5000016175610908,5.0,7.004918423742027
302387.5,4601562.5,0.49999991777720765,5.0,7.159143782994628
302302.5,4601892.5,0.5000022532848988,5.0,7.027927556514869
301372.5,4602047.5,0.4999989606620654,5.0,7.153512240296533
300327.5,4600197.5,0.49999988333301043,5.0,6.965749884038605
300347.5,4601057.5,0.49999907822986495,5.0,6.996489572102379
301187.5,4601917.5,0.49999966732076534,5.0,7.0829985004076965
301222.5,4600882.5,0.49999853924613025,5.0,6.94620065443387
300282.5,4602352.5,0.499999795296529,5.0,6.876841531144405
300637.5,4600897.5,0.4999985962680573,5.0,7.03353025517755
302187.5,4600467.5,0.5000013476985748,5.0,6.985621919590025
302342.5,4602247.5,0.5000009792751865,5.0,6.9993699015347035
301347.5,4600827.5,0.49999881940260354,5.0,7.087670712937921
301477.5,4602287.5,0.49999901898162336,5.0,7.093077992813653
300612.5,4600532.5,0.5000023164048838,5.0,7.034590957755903
300372.5,4601202.5,0.49999816025601657,5.0,6.976996590298831
300432.5,4600237.5,0.5000009558849309,5.0,7.044890307770329
301122.5,4600057.5,0.5000024027771052,5.0,6.995659484758399
301552.5,4602442.5,0.5000061026609715,5.0,7.026071480639609
300967.5,4602477.5,0.49999562257961166,5.0,6.940548613444763
302232.5,4601502.5,0.49999905509495857,5.0,7.087248466625693
302092.5,4602062.5,0.5000002953616041,5.0,7.121989200323764
301307.5,4600312.5,0.5000067650981721,5.0,6.874721420160518
301857.5,4600222.5,0.5000006159576301,5.0,6.866945813767056
300427.5,4600597.5,0.5000016812159046,5.0,6.828929874738113
302192.5,4601532.5,0.5000011000030695,5.0,7.005338816017884
301077.5,4601997.5,0.5000020439157388,5.0,6.976447386714851
301292.5,4601327.5,0.5000007096540703,5.0,6.958294564781458
301497.5,4600767.5,0.5000036786931694,5.0,6.941861460217143
300137.5,4601957.5,0.49999802483842654,5.0,6.996734807227846
302017.5,4600522.5,0.5000006076364426,5.0,6.988364936200877
302397.5,4601507.5,0.49999979727947585,5.0,7.175430953427496
300937.5,4600702.5,0.5000013912695124,5.0,6.939103917788591
301337.5,4602387.5,0.5000020769316583,5.0,7.011701742017621
300702.5,4600027.5,0.5000029461746803,5.0,7.060984701943976
300317.5,4601717.5,0.4999987991356685,5.0,6.922435078437603
300147.5,4601407.5,0.500002533330873,5.0,6.900268583640621
300812.5,4600512.5,0.49999987441149213,5.0,6.999159697526454
300217.5,4600827.5,0.4999970082681814,5.0,6.9385239867235375
300352.5,4601552.5,0.5000042295460726,5.0,6.8579490592424435
301397.5,4602367.5,0.5000017115445348,5.0,7.071556978751444
301567.5,4600152.5,0.5000001848517908,5.0,7.0867971800383796
302187.5,4600712.5,0.49999840501576986,5.0,6.9286317359750464
300187.5,4600682.5,0.4999999380935434,5.0,6.957799909201724
301062.5,4600522.5,0.49999971109423175,5.0,6.981537349383118
300727.5,4600207.5,0.49999923910497823,5.0,7.096007203650375
301372.5,4601212.5,0.49999838548425896,5.0,7.059096337499836
300862.5,4601847.5,0.4999977172481612,5.0,6.962309887538064
300382.5,4600687.5,0.499997359109951,5.0,7.008127333958457
302247.5,4601482.5,0.5000023479662559,5.0,7.106151376673133
301437.5,4601982.5,0.5000013937444973,5.0,7.141626891973614
301037.5,4601012.5,0.5000033113350106,5.0,6.904543107297325
301402.5,4601527.5,0.5000008176269832,5.0,7.061175442887657
302232.5,4602057.5,0.49999799324412025,5.0,7.0418706616749835
302317.5,4602462.5,0.5000023727936563,5.0,7.161354190779476
301952.5,4601702.5,0.5000022630186796,5.0,6.904008235089905
301477.5,4602347.5,0.4999977009498229,5.0,7.057159083094514
301867.5,4600317.5,0.5000030695807964,5.0,6.880543012612881
300987.5,4600842.5,0.4999991210312596,5.0,7.0590700284578585
